filename_fullpath,filename
/shared/ngs/illumina/agreaney/200727_D00300_1012_AHFFMGBCX3/Unaligned/Project_agreaney/Sample_expt_17-19_lib1_ref/expt_17-19_lib1_ref_ACAGCAGA_L002_R1_002.fastq.gz,expt_17-19_lib1_ref_ACAGCAGA_L002_R1_002.fastq.gz
/shared/ngs/illumina/agreaney/200727_D00300_1012_AHFFMGBCX3/Unaligned/Project_agreaney/Sample_expt_17-19_lib1_ref/expt_17-19_lib1_ref_ACAGCAGA_L002_R1_004.fastq.gz,expt_17-19_lib1_ref_ACAGCAGA_L002_R1_004.fastq.gz
/shared/ngs/illumina/agreaney/200727_D00300_1012_AHFFMGBCX3/Unaligned/Project_agreaney/Sample_expt_17-19_lib1_ref/expt_17-19_lib1_ref_ACAGCAGA_L001_R1_001.fastq.gz,expt_17-19_lib1_ref_ACAGCAGA_L001_R1_001.fastq.gz
/shared/ngs/illumina/agreaney/200727_D00300_1012_AHFFMGBCX3/Unaligned/Project_agreaney/Sample_expt_17-19_lib1_ref/expt_17-19_lib1_ref_ACAGCAGA_L001_R1_006.fastq.gz,expt_17-19_lib1_ref_ACAGCAGA_L001_R1_006.fastq.gz
/shared/ngs/illumina/agreaney/200727_D00300_1012_AHFFMGBCX3/Unaligned/Project_agreaney/Sample_expt_17-19_lib1_ref/expt_17-19_lib1_ref_ACAGCAGA_L002_R1_006.fastq.gz,expt_17-19_lib1_ref_ACAGCAGA_L002_R1_006.fastq.gz
/shared/ngs/illumina/agreaney/200727_D00300_1012_AHFFMGBCX3/Unaligned/Project_agreaney/Sample_expt_17-19_lib1_ref/expt_17-19_lib1_ref_ACAGCAGA_L001_R1_003.fastq.gz,expt_17-19_lib1_ref_ACAGCAGA_L001_R1_003.fastq.gz
/shared/ngs/illumina/agreaney/200727_D00300_1012_AHFFMGBCX3/Unaligned/Project_agreaney/Sample_expt_17-19_lib1_ref/expt_17-19_lib1_ref_ACAGCAGA_L002_R1_001.fastq.gz,expt_17-19_lib1_ref_ACAGCAGA_L002_R1_001.fastq.gz
/shared/ngs/illumina/agreaney/200727_D00300_1012_AHFFMGBCX3/Unaligned/Project_agreaney/Sample_expt_17-19_lib1_ref/expt_17-19_lib1_ref_ACAGCAGA_L001_R1_002.fastq.gz,expt_17-19_lib1_ref_ACAGCAGA_L001_R1_002.fastq.gz
/shared/ngs/illumina/agreaney/200727_D00300_1012_AHFFMGBCX3/Unaligned/Project_agreaney/Sample_expt_17-19_lib1_ref/expt_17-19_lib1_ref_ACAGCAGA_L001_R1_005.fastq.gz,expt_17-19_lib1_ref_ACAGCAGA_L001_R1_005.fastq.gz
/shared/ngs/illumina/agreaney/200727_D00300_1012_AHFFMGBCX3/Unaligned/Project_agreaney/Sample_expt_17-19_lib1_ref/expt_17-19_lib1_ref_ACAGCAGA_L002_R1_005.fastq.gz,expt_17-19_lib1_ref_ACAGCAGA_L002_R1_005.fastq.gz
/shared/ngs/illumina/agreaney/200727_D00300_1012_AHFFMGBCX3/Unaligned/Project_agreaney/Sample_expt_17-19_lib1_ref/expt_17-19_lib1_ref_ACAGCAGA_L002_R1_003.fastq.gz,expt_17-19_lib1_ref_ACAGCAGA_L002_R1_003.fastq.gz
/shared/ngs/illumina/agreaney/200727_D00300_1012_AHFFMGBCX3/Unaligned/Project_agreaney/Sample_expt_17-19_lib1_ref/expt_17-19_lib1_ref_ACAGCAGA_L001_R1_004.fastq.gz,expt_17-19_lib1_ref_ACAGCAGA_L001_R1_004.fastq.gz
/shared/ngs/illumina/agreaney/200727_D00300_1012_AHFFMGBCX3/Unaligned/Project_agreaney/Sample_expt_17-19_lib2_ref/expt_17-19_lib2_ref_ACCTCCAA_L001_R1_006.fastq.gz,expt_17-19_lib2_ref_ACCTCCAA_L001_R1_006.fastq.gz
/shared/ngs/illumina/agreaney/200727_D00300_1012_AHFFMGBCX3/Unaligned/Project_agreaney/Sample_expt_17-19_lib2_ref/expt_17-19_lib2_ref_ACCTCCAA_L001_R1_005.fastq.gz,expt_17-19_lib2_ref_ACCTCCAA_L001_R1_005.fastq.gz
/shared/ngs/illumina/agreaney/200727_D00300_1012_AHFFMGBCX3/Unaligned/Project_agreaney/Sample_expt_17-19_lib2_ref/expt_17-19_lib2_ref_ACCTCCAA_L002_R1_002.fastq.gz,expt_17-19_lib2_ref_ACCTCCAA_L002_R1_002.fastq.gz
/shared/ngs/illumina/agreaney/200727_D00300_1012_AHFFMGBCX3/Unaligned/Project_agreaney/Sample_expt_17-19_lib2_ref/expt_17-19_lib2_ref_ACCTCCAA_L001_R1_003.fastq.gz,expt_17-19_lib2_ref_ACCTCCAA_L001_R1_003.fastq.gz
/shared/ngs/illumina/agreaney/200727_D00300_1012_AHFFMGBCX3/Unaligned/Project_agreaney/Sample_expt_17-19_lib2_ref/expt_17-19_lib2_ref_ACCTCCAA_L002_R1_001.fastq.gz,expt_17-19_lib2_ref_ACCTCCAA_L002_R1_001.fastq.gz
/shared/ngs/illumina/agreaney/200727_D00300_1012_AHFFMGBCX3/Unaligned/Project_agreaney/Sample_expt_17-19_lib2_ref/expt_17-19_lib2_ref_ACCTCCAA_L001_R1_002.fastq.gz,expt_17-19_lib2_ref_ACCTCCAA_L001_R1_002.fastq.gz
/shared/ngs/illumina/agreaney/200727_D00300_1012_AHFFMGBCX3/Unaligned/Project_agreaney/Sample_expt_17-19_lib2_ref/expt_17-19_lib2_ref_ACCTCCAA_L002_R1_006.fastq.gz,expt_17-19_lib2_ref_ACCTCCAA_L002_R1_006.fastq.gz
/shared/ngs/illumina/agreaney/200727_D00300_1012_AHFFMGBCX3/Unaligned/Project_agreaney/Sample_expt_17-19_lib2_ref/expt_17-19_lib2_ref_ACCTCCAA_L001_R1_004.fastq.gz,expt_17-19_lib2_ref_ACCTCCAA_L001_R1_004.fastq.gz
/shared/ngs/illumina/agreaney/200727_D00300_1012_AHFFMGBCX3/Unaligned/Project_agreaney/Sample_expt_17-19_lib2_ref/expt_17-19_lib2_ref_ACCTCCAA_L002_R1_005.fastq.gz,expt_17-19_lib2_ref_ACCTCCAA_L002_R1_005.fastq.gz
/shared/ngs/illumina/agreaney/200727_D00300_1012_AHFFMGBCX3/Unaligned/Project_agreaney/Sample_expt_17-19_lib2_ref/expt_17-19_lib2_ref_ACCTCCAA_L001_R1_001.fastq.gz,expt_17-19_lib2_ref_ACCTCCAA_L001_R1_001.fastq.gz
/shared/ngs/illumina/agreaney/200727_D00300_1012_AHFFMGBCX3/Unaligned/Project_agreaney/Sample_expt_17-19_lib2_ref/expt_17-19_lib2_ref_ACCTCCAA_L002_R1_004.fastq.gz,expt_17-19_lib2_ref_ACCTCCAA_L002_R1_004.fastq.gz
/shared/ngs/illumina/agreaney/200727_D00300_1012_AHFFMGBCX3/Unaligned/Project_agreaney/Sample_expt_17-19_lib2_ref/expt_17-19_lib2_ref_ACCTCCAA_L002_R1_003.fastq.gz,expt_17-19_lib2_ref_ACCTCCAA_L002_R1_003.fastq.gz
/shared/ngs/illumina/agreaney/200618_D00300_0980_AHFCMJBCX3/Unaligned/Project_agreaney/Sample_expt_3-6_lib1_ACE2pos/expt_3-6_lib1_ACE2pos_AGAGTCAA_L001_R1_004.fastq.gz,expt_3-6_lib1_ACE2pos_AGAGTCAA_L001_R1_004.fastq.gz
/shared/ngs/illumina/agreaney/200618_D00300_0980_AHFCMJBCX3/Unaligned/Project_agreaney/Sample_expt_3-6_lib1_ACE2pos/expt_3-6_lib1_ACE2pos_AGAGTCAA_L001_R1_008.fastq.gz,expt_3-6_lib1_ACE2pos_AGAGTCAA_L001_R1_008.fastq.gz
/shared/ngs/illumina/agreaney/200618_D00300_0980_AHFCMJBCX3/Unaligned/Project_agreaney/Sample_expt_3-6_lib1_ACE2pos/expt_3-6_lib1_ACE2pos_AGAGTCAA_L002_R1_004.fastq.gz,expt_3-6_lib1_ACE2pos_AGAGTCAA_L002_R1_004.fastq.gz
/shared/ngs/illumina/agreaney/200618_D00300_0980_AHFCMJBCX3/Unaligned/Project_agreaney/Sample_expt_3-6_lib1_ACE2pos/expt_3-6_lib1_ACE2pos_AGAGTCAA_L002_R1_005.fastq.gz,expt_3-6_lib1_ACE2pos_AGAGTCAA_L002_R1_005.fastq.gz
/shared/ngs/illumina/agreaney/200618_D00300_0980_AHFCMJBCX3/Unaligned/Project_agreaney/Sample_expt_3-6_lib1_ACE2pos/expt_3-6_lib1_ACE2pos_AGAGTCAA_L001_R1_005.fastq.gz,expt_3-6_lib1_ACE2pos_AGAGTCAA_L001_R1_005.fastq.gz
/shared/ngs/illumina/agreaney/200618_D00300_0980_AHFCMJBCX3/Unaligned/Project_agreaney/Sample_expt_3-6_lib1_ACE2pos/expt_3-6_lib1_ACE2pos_AGAGTCAA_L001_R1_006.fastq.gz,expt_3-6_lib1_ACE2pos_AGAGTCAA_L001_R1_006.fastq.gz
/shared/ngs/illumina/agreaney/200618_D00300_0980_AHFCMJBCX3/Unaligned/Project_agreaney/Sample_expt_3-6_lib1_ACE2pos/expt_3-6_lib1_ACE2pos_AGAGTCAA_L002_R1_002.fastq.gz,expt_3-6_lib1_ACE2pos_AGAGTCAA_L002_R1_002.fastq.gz
/shared/ngs/illumina/agreaney/200618_D00300_0980_AHFCMJBCX3/Unaligned/Project_agreaney/Sample_expt_3-6_lib1_ACE2pos/expt_3-6_lib1_ACE2pos_AGAGTCAA_L001_R1_001.fastq.gz,expt_3-6_lib1_ACE2pos_AGAGTCAA_L001_R1_001.fastq.gz
/shared/ngs/illumina/agreaney/200618_D00300_0980_AHFCMJBCX3/Unaligned/Project_agreaney/Sample_expt_3-6_lib1_ACE2pos/expt_3-6_lib1_ACE2pos_AGAGTCAA_L002_R1_006.fastq.gz,expt_3-6_lib1_ACE2pos_AGAGTCAA_L002_R1_006.fastq.gz
/shared/ngs/illumina/agreaney/200618_D00300_0980_AHFCMJBCX3/Unaligned/Project_agreaney/Sample_expt_3-6_lib1_ACE2pos/expt_3-6_lib1_ACE2pos_AGAGTCAA_L001_R1_002.fastq.gz,expt_3-6_lib1_ACE2pos_AGAGTCAA_L001_R1_002.fastq.gz
/shared/ngs/illumina/agreaney/200618_D00300_0980_AHFCMJBCX3/Unaligned/Project_agreaney/Sample_expt_3-6_lib1_ACE2pos/expt_3-6_lib1_ACE2pos_AGAGTCAA_L001_R1_007.fastq.gz,expt_3-6_lib1_ACE2pos_AGAGTCAA_L001_R1_007.fastq.gz
/shared/ngs/illumina/agreaney/200618_D00300_0980_AHFCMJBCX3/Unaligned/Project_agreaney/Sample_expt_3-6_lib1_ACE2pos/expt_3-6_lib1_ACE2pos_AGAGTCAA_L001_R1_003.fastq.gz,expt_3-6_lib1_ACE2pos_AGAGTCAA_L001_R1_003.fastq.gz
/shared/ngs/illumina/agreaney/200618_D00300_0980_AHFCMJBCX3/Unaligned/Project_agreaney/Sample_expt_3-6_lib1_ACE2pos/expt_3-6_lib1_ACE2pos_AGAGTCAA_L002_R1_007.fastq.gz,expt_3-6_lib1_ACE2pos_AGAGTCAA_L002_R1_007.fastq.gz
/shared/ngs/illumina/agreaney/200618_D00300_0980_AHFCMJBCX3/Unaligned/Project_agreaney/Sample_expt_3-6_lib1_ACE2pos/expt_3-6_lib1_ACE2pos_AGAGTCAA_L002_R1_003.fastq.gz,expt_3-6_lib1_ACE2pos_AGAGTCAA_L002_R1_003.fastq.gz
/shared/ngs/illumina/agreaney/200618_D00300_0980_AHFCMJBCX3/Unaligned/Project_agreaney/Sample_expt_3-6_lib1_ACE2pos/expt_3-6_lib1_ACE2pos_AGAGTCAA_L002_R1_008.fastq.gz,expt_3-6_lib1_ACE2pos_AGAGTCAA_L002_R1_008.fastq.gz
/shared/ngs/illumina/agreaney/200618_D00300_0980_AHFCMJBCX3/Unaligned/Project_agreaney/Sample_expt_3-6_lib1_ACE2pos/expt_3-6_lib1_ACE2pos_AGAGTCAA_L002_R1_001.fastq.gz,expt_3-6_lib1_ACE2pos_AGAGTCAA_L002_R1_001.fastq.gz
/shared/ngs/illumina/agreaney/200618_D00300_0980_AHFCMJBCX3/Unaligned/Project_agreaney/Sample_expt_3-6_lib2_ACE2pos/expt_3-6_lib2_ACE2pos_AGATCGCA_L002_R1_002.fastq.gz,expt_3-6_lib2_ACE2pos_AGATCGCA_L002_R1_002.fastq.gz
/shared/ngs/illumina/agreaney/200618_D00300_0980_AHFCMJBCX3/Unaligned/Project_agreaney/Sample_expt_3-6_lib2_ACE2pos/expt_3-6_lib2_ACE2pos_AGATCGCA_L002_R1_007.fastq.gz,expt_3-6_lib2_ACE2pos_AGATCGCA_L002_R1_007.fastq.gz
/shared/ngs/illumina/agreaney/200618_D00300_0980_AHFCMJBCX3/Unaligned/Project_agreaney/Sample_expt_3-6_lib2_ACE2pos/expt_3-6_lib2_ACE2pos_AGATCGCA_L002_R1_008.fastq.gz,expt_3-6_lib2_ACE2pos_AGATCGCA_L002_R1_008.fastq.gz
/shared/ngs/illumina/agreaney/200618_D00300_0980_AHFCMJBCX3/Unaligned/Project_agreaney/Sample_expt_3-6_lib2_ACE2pos/expt_3-6_lib2_ACE2pos_AGATCGCA_L001_R1_007.fastq.gz,expt_3-6_lib2_ACE2pos_AGATCGCA_L001_R1_007.fastq.gz
/shared/ngs/illumina/agreaney/200618_D00300_0980_AHFCMJBCX3/Unaligned/Project_agreaney/Sample_expt_3-6_lib2_ACE2pos/expt_3-6_lib2_ACE2pos_AGATCGCA_L002_R1_001.fastq.gz,expt_3-6_lib2_ACE2pos_AGATCGCA_L002_R1_001.fastq.gz
/shared/ngs/illumina/agreaney/200618_D00300_0980_AHFCMJBCX3/Unaligned/Project_agreaney/Sample_expt_3-6_lib2_ACE2pos/expt_3-6_lib2_ACE2pos_AGATCGCA_L001_R1_001.fastq.gz,expt_3-6_lib2_ACE2pos_AGATCGCA_L001_R1_001.fastq.gz
/shared/ngs/illumina/agreaney/200618_D00300_0980_AHFCMJBCX3/Unaligned/Project_agreaney/Sample_expt_3-6_lib2_ACE2pos/expt_3-6_lib2_ACE2pos_AGATCGCA_L001_R1_004.fastq.gz,expt_3-6_lib2_ACE2pos_AGATCGCA_L001_R1_004.fastq.gz
/shared/ngs/illumina/agreaney/200618_D00300_0980_AHFCMJBCX3/Unaligned/Project_agreaney/Sample_expt_3-6_lib2_ACE2pos/expt_3-6_lib2_ACE2pos_AGATCGCA_L001_R1_008.fastq.gz,expt_3-6_lib2_ACE2pos_AGATCGCA_L001_R1_008.fastq.gz
/shared/ngs/illumina/agreaney/200618_D00300_0980_AHFCMJBCX3/Unaligned/Project_agreaney/Sample_expt_3-6_lib2_ACE2pos/expt_3-6_lib2_ACE2pos_AGATCGCA_L002_R1_006.fastq.gz,expt_3-6_lib2_ACE2pos_AGATCGCA_L002_R1_006.fastq.gz
/shared/ngs/illumina/agreaney/200618_D00300_0980_AHFCMJBCX3/Unaligned/Project_agreaney/Sample_expt_3-6_lib2_ACE2pos/expt_3-6_lib2_ACE2pos_AGATCGCA_L002_R1_003.fastq.gz,expt_3-6_lib2_ACE2pos_AGATCGCA_L002_R1_003.fastq.gz
/shared/ngs/illumina/agreaney/200618_D00300_0980_AHFCMJBCX3/Unaligned/Project_agreaney/Sample_expt_3-6_lib2_ACE2pos/expt_3-6_lib2_ACE2pos_AGATCGCA_L001_R1_006.fastq.gz,expt_3-6_lib2_ACE2pos_AGATCGCA_L001_R1_006.fastq.gz
/shared/ngs/illumina/agreaney/200618_D00300_0980_AHFCMJBCX3/Unaligned/Project_agreaney/Sample_expt_3-6_lib2_ACE2pos/expt_3-6_lib2_ACE2pos_AGATCGCA_L001_R1_005.fastq.gz,expt_3-6_lib2_ACE2pos_AGATCGCA_L001_R1_005.fastq.gz
/shared/ngs/illumina/agreaney/200618_D00300_0980_AHFCMJBCX3/Unaligned/Project_agreaney/Sample_expt_3-6_lib2_ACE2pos/expt_3-6_lib2_ACE2pos_AGATCGCA_L001_R1_003.fastq.gz,expt_3-6_lib2_ACE2pos_AGATCGCA_L001_R1_003.fastq.gz
/shared/ngs/illumina/agreaney/200618_D00300_0980_AHFCMJBCX3/Unaligned/Project_agreaney/Sample_expt_3-6_lib2_ACE2pos/expt_3-6_lib2_ACE2pos_AGATCGCA_L001_R1_002.fastq.gz,expt_3-6_lib2_ACE2pos_AGATCGCA_L001_R1_002.fastq.gz
/shared/ngs/illumina/agreaney/200618_D00300_0980_AHFCMJBCX3/Unaligned/Project_agreaney/Sample_expt_3-6_lib2_ACE2pos/expt_3-6_lib2_ACE2pos_AGATCGCA_L002_R1_004.fastq.gz,expt_3-6_lib2_ACE2pos_AGATCGCA_L002_R1_004.fastq.gz
/shared/ngs/illumina/agreaney/200618_D00300_0980_AHFCMJBCX3/Unaligned/Project_agreaney/Sample_expt_3-6_lib2_ACE2pos/expt_3-6_lib2_ACE2pos_AGATCGCA_L002_R1_005.fastq.gz,expt_3-6_lib2_ACE2pos_AGATCGCA_L002_R1_005.fastq.gz
/shared/ngs/illumina/agreaney/200812_D00300_1026_BHFFJTBCX3/Unaligned/Project_agreaney/Sample_expt_22-23_lib1_ref/expt_22-23_lib1_ref_ACCACTGT_L001_R1_017.fastq.gz,expt_22-23_lib1_ref_ACCACTGT_L001_R1_017.fastq.gz
/shared/ngs/illumina/agreaney/200812_D00300_1026_BHFFJTBCX3/Unaligned/Project_agreaney/Sample_expt_22-23_lib1_ref/expt_22-23_lib1_ref_ACCACTGT_L002_R1_007.fastq.gz,expt_22-23_lib1_ref_ACCACTGT_L002_R1_007.fastq.gz
/shared/ngs/illumina/agreaney/200812_D00300_1026_BHFFJTBCX3/Unaligned/Project_agreaney/Sample_expt_22-23_lib1_ref/expt_22-23_lib1_ref_ACCACTGT_L002_R1_003.fastq.gz,expt_22-23_lib1_ref_ACCACTGT_L002_R1_003.fastq.gz
/shared/ngs/illumina/agreaney/200812_D00300_1026_BHFFJTBCX3/Unaligned/Project_agreaney/Sample_expt_22-23_lib1_ref/expt_22-23_lib1_ref_ACCACTGT_L001_R1_010.fastq.gz,expt_22-23_lib1_ref_ACCACTGT_L001_R1_010.fastq.gz
/shared/ngs/illumina/agreaney/200812_D00300_1026_BHFFJTBCX3/Unaligned/Project_agreaney/Sample_expt_22-23_lib1_ref/expt_22-23_lib1_ref_ACCACTGT_L001_R1_005.fastq.gz,expt_22-23_lib1_ref_ACCACTGT_L001_R1_005.fastq.gz
/shared/ngs/illumina/agreaney/200812_D00300_1026_BHFFJTBCX3/Unaligned/Project_agreaney/Sample_expt_22-23_lib1_ref/expt_22-23_lib1_ref_ACCACTGT_L002_R1_012.fastq.gz,expt_22-23_lib1_ref_ACCACTGT_L002_R1_012.fastq.gz
/shared/ngs/illumina/agreaney/200812_D00300_1026_BHFFJTBCX3/Unaligned/Project_agreaney/Sample_expt_22-23_lib1_ref/expt_22-23_lib1_ref_ACCACTGT_L002_R1_006.fastq.gz,expt_22-23_lib1_ref_ACCACTGT_L002_R1_006.fastq.gz
/shared/ngs/illumina/agreaney/200812_D00300_1026_BHFFJTBCX3/Unaligned/Project_agreaney/Sample_expt_22-23_lib1_ref/expt_22-23_lib1_ref_ACCACTGT_L001_R1_009.fastq.gz,expt_22-23_lib1_ref_ACCACTGT_L001_R1_009.fastq.gz
/shared/ngs/illumina/agreaney/200812_D00300_1026_BHFFJTBCX3/Unaligned/Project_agreaney/Sample_expt_22-23_lib1_ref/expt_22-23_lib1_ref_ACCACTGT_L001_R1_013.fastq.gz,expt_22-23_lib1_ref_ACCACTGT_L001_R1_013.fastq.gz
/shared/ngs/illumina/agreaney/200812_D00300_1026_BHFFJTBCX3/Unaligned/Project_agreaney/Sample_expt_22-23_lib1_ref/expt_22-23_lib1_ref_ACCACTGT_L002_R1_008.fastq.gz,expt_22-23_lib1_ref_ACCACTGT_L002_R1_008.fastq.gz
/shared/ngs/illumina/agreaney/200812_D00300_1026_BHFFJTBCX3/Unaligned/Project_agreaney/Sample_expt_22-23_lib1_ref/expt_22-23_lib1_ref_ACCACTGT_L001_R1_006.fastq.gz,expt_22-23_lib1_ref_ACCACTGT_L001_R1_006.fastq.gz
/shared/ngs/illumina/agreaney/200812_D00300_1026_BHFFJTBCX3/Unaligned/Project_agreaney/Sample_expt_22-23_lib1_ref/expt_22-23_lib1_ref_ACCACTGT_L001_R1_003.fastq.gz,expt_22-23_lib1_ref_ACCACTGT_L001_R1_003.fastq.gz
/shared/ngs/illumina/agreaney/200812_D00300_1026_BHFFJTBCX3/Unaligned/Project_agreaney/Sample_expt_22-23_lib1_ref/expt_22-23_lib1_ref_ACCACTGT_L001_R1_016.fastq.gz,expt_22-23_lib1_ref_ACCACTGT_L001_R1_016.fastq.gz
/shared/ngs/illumina/agreaney/200812_D00300_1026_BHFFJTBCX3/Unaligned/Project_agreaney/Sample_expt_22-23_lib1_ref/expt_22-23_lib1_ref_ACCACTGT_L002_R1_005.fastq.gz,expt_22-23_lib1_ref_ACCACTGT_L002_R1_005.fastq.gz
/shared/ngs/illumina/agreaney/200812_D00300_1026_BHFFJTBCX3/Unaligned/Project_agreaney/Sample_expt_22-23_lib1_ref/expt_22-23_lib1_ref_ACCACTGT_L001_R1_012.fastq.gz,expt_22-23_lib1_ref_ACCACTGT_L001_R1_012.fastq.gz
/shared/ngs/illumina/agreaney/200812_D00300_1026_BHFFJTBCX3/Unaligned/Project_agreaney/Sample_expt_22-23_lib1_ref/expt_22-23_lib1_ref_ACCACTGT_L001_R1_011.fastq.gz,expt_22-23_lib1_ref_ACCACTGT_L001_R1_011.fastq.gz
/shared/ngs/illumina/agreaney/200812_D00300_1026_BHFFJTBCX3/Unaligned/Project_agreaney/Sample_expt_22-23_lib1_ref/expt_22-23_lib1_ref_ACCACTGT_L002_R1_004.fastq.gz,expt_22-23_lib1_ref_ACCACTGT_L002_R1_004.fastq.gz
/shared/ngs/illumina/agreaney/200812_D00300_1026_BHFFJTBCX3/Unaligned/Project_agreaney/Sample_expt_22-23_lib1_ref/expt_22-23_lib1_ref_ACCACTGT_L002_R1_016.fastq.gz,expt_22-23_lib1_ref_ACCACTGT_L002_R1_016.fastq.gz
/shared/ngs/illumina/agreaney/200812_D00300_1026_BHFFJTBCX3/Unaligned/Project_agreaney/Sample_expt_22-23_lib1_ref/expt_22-23_lib1_ref_ACCACTGT_L002_R1_014.fastq.gz,expt_22-23_lib1_ref_ACCACTGT_L002_R1_014.fastq.gz
/shared/ngs/illumina/agreaney/200812_D00300_1026_BHFFJTBCX3/Unaligned/Project_agreaney/Sample_expt_22-23_lib1_ref/expt_22-23_lib1_ref_ACCACTGT_L001_R1_015.fastq.gz,expt_22-23_lib1_ref_ACCACTGT_L001_R1_015.fastq.gz
/shared/ngs/illumina/agreaney/200812_D00300_1026_BHFFJTBCX3/Unaligned/Project_agreaney/Sample_expt_22-23_lib1_ref/expt_22-23_lib1_ref_ACCACTGT_L001_R1_008.fastq.gz,expt_22-23_lib1_ref_ACCACTGT_L001_R1_008.fastq.gz
/shared/ngs/illumina/agreaney/200812_D00300_1026_BHFFJTBCX3/Unaligned/Project_agreaney/Sample_expt_22-23_lib1_ref/expt_22-23_lib1_ref_ACCACTGT_L001_R1_007.fastq.gz,expt_22-23_lib1_ref_ACCACTGT_L001_R1_007.fastq.gz
/shared/ngs/illumina/agreaney/200812_D00300_1026_BHFFJTBCX3/Unaligned/Project_agreaney/Sample_expt_22-23_lib1_ref/expt_22-23_lib1_ref_ACCACTGT_L002_R1_010.fastq.gz,expt_22-23_lib1_ref_ACCACTGT_L002_R1_010.fastq.gz
/shared/ngs/illumina/agreaney/200812_D00300_1026_BHFFJTBCX3/Unaligned/Project_agreaney/Sample_expt_22-23_lib1_ref/expt_22-23_lib1_ref_ACCACTGT_L001_R1_002.fastq.gz,expt_22-23_lib1_ref_ACCACTGT_L001_R1_002.fastq.gz
/shared/ngs/illumina/agreaney/200812_D00300_1026_BHFFJTBCX3/Unaligned/Project_agreaney/Sample_expt_22-23_lib1_ref/expt_22-23_lib1_ref_ACCACTGT_L001_R1_014.fastq.gz,expt_22-23_lib1_ref_ACCACTGT_L001_R1_014.fastq.gz
/shared/ngs/illumina/agreaney/200812_D00300_1026_BHFFJTBCX3/Unaligned/Project_agreaney/Sample_expt_22-23_lib1_ref/expt_22-23_lib1_ref_ACCACTGT_L002_R1_009.fastq.gz,expt_22-23_lib1_ref_ACCACTGT_L002_R1_009.fastq.gz
/shared/ngs/illumina/agreaney/200812_D00300_1026_BHFFJTBCX3/Unaligned/Project_agreaney/Sample_expt_22-23_lib1_ref/expt_22-23_lib1_ref_ACCACTGT_L001_R1_001.fastq.gz,expt_22-23_lib1_ref_ACCACTGT_L001_R1_001.fastq.gz
/shared/ngs/illumina/agreaney/200812_D00300_1026_BHFFJTBCX3/Unaligned/Project_agreaney/Sample_expt_22-23_lib1_ref/expt_22-23_lib1_ref_ACCACTGT_L002_R1_001.fastq.gz,expt_22-23_lib1_ref_ACCACTGT_L002_R1_001.fastq.gz
/shared/ngs/illumina/agreaney/200812_D00300_1026_BHFFJTBCX3/Unaligned/Project_agreaney/Sample_expt_22-23_lib1_ref/expt_22-23_lib1_ref_ACCACTGT_L002_R1_011.fastq.gz,expt_22-23_lib1_ref_ACCACTGT_L002_R1_011.fastq.gz
/shared/ngs/illumina/agreaney/200812_D00300_1026_BHFFJTBCX3/Unaligned/Project_agreaney/Sample_expt_22-23_lib1_ref/expt_22-23_lib1_ref_ACCACTGT_L001_R1_004.fastq.gz,expt_22-23_lib1_ref_ACCACTGT_L001_R1_004.fastq.gz
/shared/ngs/illumina/agreaney/200812_D00300_1026_BHFFJTBCX3/Unaligned/Project_agreaney/Sample_expt_22-23_lib1_ref/expt_22-23_lib1_ref_ACCACTGT_L002_R1_013.fastq.gz,expt_22-23_lib1_ref_ACCACTGT_L002_R1_013.fastq.gz
/shared/ngs/illumina/agreaney/200812_D00300_1026_BHFFJTBCX3/Unaligned/Project_agreaney/Sample_expt_22-23_lib1_ref/expt_22-23_lib1_ref_ACCACTGT_L002_R1_017.fastq.gz,expt_22-23_lib1_ref_ACCACTGT_L002_R1_017.fastq.gz
/shared/ngs/illumina/agreaney/200812_D00300_1026_BHFFJTBCX3/Unaligned/Project_agreaney/Sample_expt_22-23_lib1_ref/expt_22-23_lib1_ref_ACCACTGT_L002_R1_002.fastq.gz,expt_22-23_lib1_ref_ACCACTGT_L002_R1_002.fastq.gz
/shared/ngs/illumina/agreaney/200812_D00300_1026_BHFFJTBCX3/Unaligned/Project_agreaney/Sample_expt_22-23_lib1_ref/expt_22-23_lib1_ref_ACCACTGT_L002_R1_015.fastq.gz,expt_22-23_lib1_ref_ACCACTGT_L002_R1_015.fastq.gz
/shared/ngs/illumina/agreaney/200812_D00300_1026_BHFFJTBCX3/Unaligned/Project_agreaney/Sample_expt_22-23_lib2_ref/expt_22-23_lib2_ref_ACATTGGC_L002_R1_006.fastq.gz,expt_22-23_lib2_ref_ACATTGGC_L002_R1_006.fastq.gz
/shared/ngs/illumina/agreaney/200812_D00300_1026_BHFFJTBCX3/Unaligned/Project_agreaney/Sample_expt_22-23_lib2_ref/expt_22-23_lib2_ref_ACATTGGC_L001_R1_014.fastq.gz,expt_22-23_lib2_ref_ACATTGGC_L001_R1_014.fastq.gz
/shared/ngs/illumina/agreaney/200812_D00300_1026_BHFFJTBCX3/Unaligned/Project_agreaney/Sample_expt_22-23_lib2_ref/expt_22-23_lib2_ref_ACATTGGC_L001_R1_003.fastq.gz,expt_22-23_lib2_ref_ACATTGGC_L001_R1_003.fastq.gz
/shared/ngs/illumina/agreaney/200812_D00300_1026_BHFFJTBCX3/Unaligned/Project_agreaney/Sample_expt_22-23_lib2_ref/expt_22-23_lib2_ref_ACATTGGC_L001_R1_006.fastq.gz,expt_22-23_lib2_ref_ACATTGGC_L001_R1_006.fastq.gz
/shared/ngs/illumina/agreaney/200812_D00300_1026_BHFFJTBCX3/Unaligned/Project_agreaney/Sample_expt_22-23_lib2_ref/expt_22-23_lib2_ref_ACATTGGC_L002_R1_008.fastq.gz,expt_22-23_lib2_ref_ACATTGGC_L002_R1_008.fastq.gz
/shared/ngs/illumina/agreaney/200812_D00300_1026_BHFFJTBCX3/Unaligned/Project_agreaney/Sample_expt_22-23_lib2_ref/expt_22-23_lib2_ref_ACATTGGC_L002_R1_004.fastq.gz,expt_22-23_lib2_ref_ACATTGGC_L002_R1_004.fastq.gz
/shared/ngs/illumina/agreaney/200812_D00300_1026_BHFFJTBCX3/Unaligned/Project_agreaney/Sample_expt_22-23_lib2_ref/expt_22-23_lib2_ref_ACATTGGC_L002_R1_001.fastq.gz,expt_22-23_lib2_ref_ACATTGGC_L002_R1_001.fastq.gz
/shared/ngs/illumina/agreaney/200812_D00300_1026_BHFFJTBCX3/Unaligned/Project_agreaney/Sample_expt_22-23_lib2_ref/expt_22-23_lib2_ref_ACATTGGC_L001_R1_007.fastq.gz,expt_22-23_lib2_ref_ACATTGGC_L001_R1_007.fastq.gz
/shared/ngs/illumina/agreaney/200812_D00300_1026_BHFFJTBCX3/Unaligned/Project_agreaney/Sample_expt_22-23_lib2_ref/expt_22-23_lib2_ref_ACATTGGC_L001_R1_002.fastq.gz,expt_22-23_lib2_ref_ACATTGGC_L001_R1_002.fastq.gz
/shared/ngs/illumina/agreaney/200812_D00300_1026_BHFFJTBCX3/Unaligned/Project_agreaney/Sample_expt_22-23_lib2_ref/expt_22-23_lib2_ref_ACATTGGC_L001_R1_016.fastq.gz,expt_22-23_lib2_ref_ACATTGGC_L001_R1_016.fastq.gz
/shared/ngs/illumina/agreaney/200812_D00300_1026_BHFFJTBCX3/Unaligned/Project_agreaney/Sample_expt_22-23_lib2_ref/expt_22-23_lib2_ref_ACATTGGC_L001_R1_013.fastq.gz,expt_22-23_lib2_ref_ACATTGGC_L001_R1_013.fastq.gz
/shared/ngs/illumina/agreaney/200812_D00300_1026_BHFFJTBCX3/Unaligned/Project_agreaney/Sample_expt_22-23_lib2_ref/expt_22-23_lib2_ref_ACATTGGC_L002_R1_010.fastq.gz,expt_22-23_lib2_ref_ACATTGGC_L002_R1_010.fastq.gz
/shared/ngs/illumina/agreaney/200812_D00300_1026_BHFFJTBCX3/Unaligned/Project_agreaney/Sample_expt_22-23_lib2_ref/expt_22-23_lib2_ref_ACATTGGC_L002_R1_007.fastq.gz,expt_22-23_lib2_ref_ACATTGGC_L002_R1_007.fastq.gz
/shared/ngs/illumina/agreaney/200812_D00300_1026_BHFFJTBCX3/Unaligned/Project_agreaney/Sample_expt_22-23_lib2_ref/expt_22-23_lib2_ref_ACATTGGC_L001_R1_009.fastq.gz,expt_22-23_lib2_ref_ACATTGGC_L001_R1_009.fastq.gz
/shared/ngs/illumina/agreaney/200812_D00300_1026_BHFFJTBCX3/Unaligned/Project_agreaney/Sample_expt_22-23_lib2_ref/expt_22-23_lib2_ref_ACATTGGC_L002_R1_016.fastq.gz,expt_22-23_lib2_ref_ACATTGGC_L002_R1_016.fastq.gz
/shared/ngs/illumina/agreaney/200812_D00300_1026_BHFFJTBCX3/Unaligned/Project_agreaney/Sample_expt_22-23_lib2_ref/expt_22-23_lib2_ref_ACATTGGC_L002_R1_003.fastq.gz,expt_22-23_lib2_ref_ACATTGGC_L002_R1_003.fastq.gz
/shared/ngs/illumina/agreaney/200812_D00300_1026_BHFFJTBCX3/Unaligned/Project_agreaney/Sample_expt_22-23_lib2_ref/expt_22-23_lib2_ref_ACATTGGC_L001_R1_015.fastq.gz,expt_22-23_lib2_ref_ACATTGGC_L001_R1_015.fastq.gz
/shared/ngs/illumina/agreaney/200812_D00300_1026_BHFFJTBCX3/Unaligned/Project_agreaney/Sample_expt_22-23_lib2_ref/expt_22-23_lib2_ref_ACATTGGC_L001_R1_010.fastq.gz,expt_22-23_lib2_ref_ACATTGGC_L001_R1_010.fastq.gz
/shared/ngs/illumina/agreaney/200812_D00300_1026_BHFFJTBCX3/Unaligned/Project_agreaney/Sample_expt_22-23_lib2_ref/expt_22-23_lib2_ref_ACATTGGC_L001_R1_008.fastq.gz,expt_22-23_lib2_ref_ACATTGGC_L001_R1_008.fastq.gz
/shared/ngs/illumina/agreaney/200812_D00300_1026_BHFFJTBCX3/Unaligned/Project_agreaney/Sample_expt_22-23_lib2_ref/expt_22-23_lib2_ref_ACATTGGC_L001_R1_001.fastq.gz,expt_22-23_lib2_ref_ACATTGGC_L001_R1_001.fastq.gz
/shared/ngs/illumina/agreaney/200812_D00300_1026_BHFFJTBCX3/Unaligned/Project_agreaney/Sample_expt_22-23_lib2_ref/expt_22-23_lib2_ref_ACATTGGC_L002_R1_011.fastq.gz,expt_22-23_lib2_ref_ACATTGGC_L002_R1_011.fastq.gz
/shared/ngs/illumina/agreaney/200812_D00300_1026_BHFFJTBCX3/Unaligned/Project_agreaney/Sample_expt_22-23_lib2_ref/expt_22-23_lib2_ref_ACATTGGC_L001_R1_011.fastq.gz,expt_22-23_lib2_ref_ACATTGGC_L001_R1_011.fastq.gz
/shared/ngs/illumina/agreaney/200812_D00300_1026_BHFFJTBCX3/Unaligned/Project_agreaney/Sample_expt_22-23_lib2_ref/expt_22-23_lib2_ref_ACATTGGC_L002_R1_013.fastq.gz,expt_22-23_lib2_ref_ACATTGGC_L002_R1_013.fastq.gz
/shared/ngs/illumina/agreaney/200812_D00300_1026_BHFFJTBCX3/Unaligned/Project_agreaney/Sample_expt_22-23_lib2_ref/expt_22-23_lib2_ref_ACATTGGC_L002_R1_002.fastq.gz,expt_22-23_lib2_ref_ACATTGGC_L002_R1_002.fastq.gz
/shared/ngs/illumina/agreaney/200812_D00300_1026_BHFFJTBCX3/Unaligned/Project_agreaney/Sample_expt_22-23_lib2_ref/expt_22-23_lib2_ref_ACATTGGC_L002_R1_014.fastq.gz,expt_22-23_lib2_ref_ACATTGGC_L002_R1_014.fastq.gz
/shared/ngs/illumina/agreaney/200812_D00300_1026_BHFFJTBCX3/Unaligned/Project_agreaney/Sample_expt_22-23_lib2_ref/expt_22-23_lib2_ref_ACATTGGC_L001_R1_005.fastq.gz,expt_22-23_lib2_ref_ACATTGGC_L001_R1_005.fastq.gz
/shared/ngs/illumina/agreaney/200812_D00300_1026_BHFFJTBCX3/Unaligned/Project_agreaney/Sample_expt_22-23_lib2_ref/expt_22-23_lib2_ref_ACATTGGC_L001_R1_004.fastq.gz,expt_22-23_lib2_ref_ACATTGGC_L001_R1_004.fastq.gz
/shared/ngs/illumina/agreaney/200812_D00300_1026_BHFFJTBCX3/Unaligned/Project_agreaney/Sample_expt_22-23_lib2_ref/expt_22-23_lib2_ref_ACATTGGC_L002_R1_012.fastq.gz,expt_22-23_lib2_ref_ACATTGGC_L002_R1_012.fastq.gz
/shared/ngs/illumina/agreaney/200812_D00300_1026_BHFFJTBCX3/Unaligned/Project_agreaney/Sample_expt_22-23_lib2_ref/expt_22-23_lib2_ref_ACATTGGC_L002_R1_005.fastq.gz,expt_22-23_lib2_ref_ACATTGGC_L002_R1_005.fastq.gz
/shared/ngs/illumina/agreaney/200812_D00300_1026_BHFFJTBCX3/Unaligned/Project_agreaney/Sample_expt_22-23_lib2_ref/expt_22-23_lib2_ref_ACATTGGC_L002_R1_009.fastq.gz,expt_22-23_lib2_ref_ACATTGGC_L002_R1_009.fastq.gz
/shared/ngs/illumina/agreaney/200812_D00300_1026_BHFFJTBCX3/Unaligned/Project_agreaney/Sample_expt_22-23_lib2_ref/expt_22-23_lib2_ref_ACATTGGC_L002_R1_015.fastq.gz,expt_22-23_lib2_ref_ACATTGGC_L002_R1_015.fastq.gz
/shared/ngs/illumina/agreaney/200812_D00300_1026_BHFFJTBCX3/Unaligned/Project_agreaney/Sample_expt_22-23_lib2_ref/expt_22-23_lib2_ref_ACATTGGC_L001_R1_012.fastq.gz,expt_22-23_lib2_ref_ACATTGGC_L001_R1_012.fastq.gz
/shared/ngs/illumina/agreaney/200727_D00300_1012_AHFFMGBCX3/Unaligned/Project_agreaney/Sample_expt_17_lib1_abneg/expt_17_lib1_abneg_CGCTGATC_L002_R1_002.fastq.gz,expt_17_lib1_abneg_CGCTGATC_L002_R1_002.fastq.gz
/shared/ngs/illumina/agreaney/200727_D00300_1012_AHFFMGBCX3/Unaligned/Project_agreaney/Sample_expt_17_lib1_abneg/expt_17_lib1_abneg_CGCTGATC_L002_R1_001.fastq.gz,expt_17_lib1_abneg_CGCTGATC_L002_R1_001.fastq.gz
/shared/ngs/illumina/agreaney/200727_D00300_1012_AHFFMGBCX3/Unaligned/Project_agreaney/Sample_expt_17_lib1_abneg/expt_17_lib1_abneg_CGCTGATC_L001_R1_002.fastq.gz,expt_17_lib1_abneg_CGCTGATC_L001_R1_002.fastq.gz
/shared/ngs/illumina/agreaney/200727_D00300_1012_AHFFMGBCX3/Unaligned/Project_agreaney/Sample_expt_17_lib1_abneg/expt_17_lib1_abneg_CGCTGATC_L001_R1_001.fastq.gz,expt_17_lib1_abneg_CGCTGATC_L001_R1_001.fastq.gz
/shared/ngs/illumina/agreaney/200727_D00300_1012_AHFFMGBCX3/Unaligned/Project_agreaney/Sample_expt_17_lib2_abneg/expt_17_lib2_abneg_ACAAGCTA_L002_R1_001.fastq.gz,expt_17_lib2_abneg_ACAAGCTA_L002_R1_001.fastq.gz
/shared/ngs/illumina/agreaney/200727_D00300_1012_AHFFMGBCX3/Unaligned/Project_agreaney/Sample_expt_17_lib2_abneg/expt_17_lib2_abneg_ACAAGCTA_L001_R1_001.fastq.gz,expt_17_lib2_abneg_ACAAGCTA_L001_R1_001.fastq.gz
/shared/ngs/illumina/agreaney/200727_D00300_1012_AHFFMGBCX3/Unaligned/Project_agreaney/Sample_expt_17_lib2_abneg/expt_17_lib2_abneg_ACAAGCTA_L002_R1_002.fastq.gz,expt_17_lib2_abneg_ACAAGCTA_L002_R1_002.fastq.gz
/shared/ngs/illumina/agreaney/200727_D00300_1012_AHFFMGBCX3/Unaligned/Project_agreaney/Sample_expt_17_lib2_abneg/expt_17_lib2_abneg_ACAAGCTA_L001_R1_002.fastq.gz,expt_17_lib2_abneg_ACAAGCTA_L001_R1_002.fastq.gz
/shared/ngs/illumina/agreaney/200618_D00300_0980_AHFCMJBCX3/Unaligned/Project_agreaney/Sample_expt_6_lib1_abneg/expt_6_lib1_abneg_AGTACAAG_L002_R1_001.fastq.gz,expt_6_lib1_abneg_AGTACAAG_L002_R1_001.fastq.gz
/shared/ngs/illumina/agreaney/200618_D00300_0980_AHFCMJBCX3/Unaligned/Project_agreaney/Sample_expt_6_lib1_abneg/expt_6_lib1_abneg_AGTACAAG_L001_R1_001.fastq.gz,expt_6_lib1_abneg_AGTACAAG_L001_R1_001.fastq.gz
/shared/ngs/illumina/agreaney/200618_D00300_0980_AHFCMJBCX3/Unaligned/Project_agreaney/Sample_expt_6_lib2_abneg/expt_6_lib2_abneg_AACAACCA_L002_R1_001.fastq.gz,expt_6_lib2_abneg_AACAACCA_L002_R1_001.fastq.gz
/shared/ngs/illumina/agreaney/200618_D00300_0980_AHFCMJBCX3/Unaligned/Project_agreaney/Sample_expt_6_lib2_abneg/expt_6_lib2_abneg_AACAACCA_L001_R1_001.fastq.gz,expt_6_lib2_abneg_AACAACCA_L001_R1_001.fastq.gz
/shared/ngs/illumina/agreaney/200727_D00300_1012_AHFFMGBCX3/Unaligned/Project_agreaney/Sample_expt_19_lib1_abneg/expt_19_lib1_abneg_AACAACCA_L002_R1_001.fastq.gz,expt_19_lib1_abneg_AACAACCA_L002_R1_001.fastq.gz
/shared/ngs/illumina/agreaney/200727_D00300_1012_AHFFMGBCX3/Unaligned/Project_agreaney/Sample_expt_19_lib1_abneg/expt_19_lib1_abneg_AACAACCA_L002_R1_002.fastq.gz,expt_19_lib1_abneg_AACAACCA_L002_R1_002.fastq.gz
/shared/ngs/illumina/agreaney/200727_D00300_1012_AHFFMGBCX3/Unaligned/Project_agreaney/Sample_expt_19_lib1_abneg/expt_19_lib1_abneg_AACAACCA_L001_R1_002.fastq.gz,expt_19_lib1_abneg_AACAACCA_L001_R1_002.fastq.gz
/shared/ngs/illumina/agreaney/200727_D00300_1012_AHFFMGBCX3/Unaligned/Project_agreaney/Sample_expt_19_lib1_abneg/expt_19_lib1_abneg_AACAACCA_L001_R1_001.fastq.gz,expt_19_lib1_abneg_AACAACCA_L001_R1_001.fastq.gz
/shared/ngs/illumina/agreaney/200727_D00300_1012_AHFFMGBCX3/Unaligned/Project_agreaney/Sample_expt_19_lib2_abneg/expt_19_lib2_abneg_AACCGAGA_L001_R1_001.fastq.gz,expt_19_lib2_abneg_AACCGAGA_L001_R1_001.fastq.gz
/shared/ngs/illumina/agreaney/200727_D00300_1012_AHFFMGBCX3/Unaligned/Project_agreaney/Sample_expt_19_lib2_abneg/expt_19_lib2_abneg_AACCGAGA_L002_R1_002.fastq.gz,expt_19_lib2_abneg_AACCGAGA_L002_R1_002.fastq.gz
/shared/ngs/illumina/agreaney/200727_D00300_1012_AHFFMGBCX3/Unaligned/Project_agreaney/Sample_expt_19_lib2_abneg/expt_19_lib2_abneg_AACCGAGA_L002_R1_001.fastq.gz,expt_19_lib2_abneg_AACCGAGA_L002_R1_001.fastq.gz
/shared/ngs/illumina/agreaney/200727_D00300_1012_AHFFMGBCX3/Unaligned/Project_agreaney/Sample_expt_19_lib2_abneg/expt_19_lib2_abneg_AACCGAGA_L001_R1_002.fastq.gz,expt_19_lib2_abneg_AACCGAGA_L001_R1_002.fastq.gz
/shared/ngs/illumina/agreaney/200812_D00300_1026_BHFFJTBCX3/Unaligned/Project_agreaney/Sample_expt_22_lib1_abneg/expt_22_lib1_abneg_AACGTGAT_L001_R1_001.fastq.gz,expt_22_lib1_abneg_AACGTGAT_L001_R1_001.fastq.gz
/shared/ngs/illumina/agreaney/200812_D00300_1026_BHFFJTBCX3/Unaligned/Project_agreaney/Sample_expt_22_lib1_abneg/expt_22_lib1_abneg_AACGTGAT_L002_R1_001.fastq.gz,expt_22_lib1_abneg_AACGTGAT_L002_R1_001.fastq.gz
/shared/ngs/illumina/agreaney/200812_D00300_1026_BHFFJTBCX3/Unaligned/Project_agreaney/Sample_expt_22_lib2_abneg/expt_22_lib2_abneg_AAACATCG_L001_R1_001.fastq.gz,expt_22_lib2_abneg_AAACATCG_L001_R1_001.fastq.gz
/shared/ngs/illumina/agreaney/200812_D00300_1026_BHFFJTBCX3/Unaligned/Project_agreaney/Sample_expt_22_lib2_abneg/expt_22_lib2_abneg_AAACATCG_L001_R1_002.fastq.gz,expt_22_lib2_abneg_AAACATCG_L001_R1_002.fastq.gz
/shared/ngs/illumina/agreaney/200812_D00300_1026_BHFFJTBCX3/Unaligned/Project_agreaney/Sample_expt_22_lib2_abneg/expt_22_lib2_abneg_AAACATCG_L002_R1_002.fastq.gz,expt_22_lib2_abneg_AAACATCG_L002_R1_002.fastq.gz
/shared/ngs/illumina/agreaney/200812_D00300_1026_BHFFJTBCX3/Unaligned/Project_agreaney/Sample_expt_22_lib2_abneg/expt_22_lib2_abneg_AAACATCG_L002_R1_001.fastq.gz,expt_22_lib2_abneg_AAACATCG_L002_R1_001.fastq.gz
